{
	"countryCodes": [{
			"country_code": "AF",
			"country_name": "Afghanistan",
			"dialling_code": "+93",
			"main_city":[
				{
				"city_code":"AF-KA",
				"city_name":"Kabul"
				},
				{
				"city_code":"AF-KA",
				"city_name":"Kandahar"
				},
				{
				"city_code":"AF-MA",
				"city_name":"Mazar-i-Sharif"
				}
			]
		},
		{
			"country_code": "AL",
			"country_name": "Albania",
			"dialling_code": "+355",
			"main_city":[
				{
				"city_code":"---",
				"city_name":"Other"
				}
			]
		},
		{
			"country_code": "DZ",
			"country_name": "Algeria",
			"dialling_code": "+213",
			"main_city":[
				{
				"city_code":"---",
				"city_name":"Other"
				}
			]
		},
		{
			"country_code": "AS",
			"country_name": "American Samoa",
			"dialling_code": "+1",
			"main_city":[
				{
				"city_code":"---",
				"city_name":"Other"
				}
			]
		},
		{
			"country_code": "AD",
			"country_name": "Andorra",
			"dialling_code": "+376",
			"main_city":[
				{
				"city_code":"---",
				"city_name":"Other"
				}
			]
		},
		{
			"country_code": "AO",
			"country_name": "Angola",
			"dialling_code": "+244",
			"main_city":[
				{
				"city_code":"---",
				"city_name":"Other"
				}
			]
		},
		{
			"country_code": "AI",
			"country_name": "Anguilla",
			"dialling_code": "+1",
			"main_city":[
				{
				"city_code":"---",
				"city_name":"Other"
				}
			]
		},
		{
			"country_code": "AG",
			"country_name": "Antigua",
			"dialling_code": "+1",
			"main_city":[
				{
				"city_code":"---",
				"city_name":"Other"
				}
			]
		},
		{
			"country_code": "AR",
			"country_name": "Argentina",
			"dialling_code": "+54",
			"main_city":[
				{
				"city_code":"---",
				"city_name":"Other"
				}
			]
		},
		{
			"country_code": "AM",
			"country_name": "Armenia",
			"dialling_code": "+374",
			"main_city":[
				{
				"city_code":"---",
				"city_name":"Other"
				}
			]
		},
		{
			"country_code": "AW",
			"country_name": "Aruba",
			"dialling_code": "+297",
			"main_city":[
				{
				"city_code":"---",
				"city_name":"Other"
				}
			]
		},
		{
			"country_code": "AU",
			"country_name": "Australia",
			"dialling_code": "+61",
			"main_city":[
				{
				"city_code":"---",
				"city_name":"Other"
				}
			]
		},
		{
			"country_code": "AI",
			"country_name": "Austria",
			"dialling_code": "+43",
			"main_city":[
				{
				"city_code":"---",
				"city_name":"Other"
				}
			]
		},
		{
			"country_code": "AZ",
			"country_name": "Azerbaijan",
			"dialling_code": "+994",
			"main_city":[
				{
				"city_code":"---",
				"city_name":"Other"
				}
			]
		},
		{
			"country_code": "BH",
			"country_name": "Bahrain",
			"dialling_code": "+973",
			"main_city":[
				{
				"city_code":"---",
				"city_name":"Other"
				}
			]
		},
		{
			"country_code": "BD",
			"country_name": "Bangladesh",
			"dialling_code": "+880",
			"main_city":[
				{
				"city_code":"---",
				"city_name":"Other"
				}
			]
		},
		{
			"country_code": "BB",
			"country_name": "Barbados",
			"dialling_code": "+1",
			"main_city":[
				{
				"city_code":"---",
				"city_name":"Other"
				}
			]
		},
		{
			"country_code": "BY",
			"country_name": "Belarus",
			"dialling_code": "+375",
			"main_city":[
				{
				"city_code":"---",
				"city_name":"Other"
				}
			]
		},
		{
			"country_code": "BE",
			"country_name": "Belgium",
			"dialling_code": "+32",
			"main_city":[
				{
				"city_code":"---",
				"city_name":"Other"
				}
			]
		},
		{
			"country_code": "BZ",
			"country_name": "Belize",
			"dialling_code": "+501",
			"main_city":[
				{
				"city_code":"---",
				"city_name":"Other"
				}
			]
		},
		{
			"country_code": "BJ",
			"country_name": "Benin",
			"dialling_code": "+229",
			"main_city":[
				{
				"city_code":"---",
				"city_name":"Other"
				}
			]
		},
		{
			"country_code": "BM",
			"country_name": "Bermuda",
			"dialling_code": "+1",
			"main_city":[
				{
				"city_code":"---",
				"city_name":"Other"
				}
			]
		},
		{
			"country_code": "BT",
			"country_name": "Bhutan",
			"dialling_code": "+975",
			"main_city":[
				{
				"city_code":"---",
				"city_name":"Other"
				}
			]
		},
		{
			"country_code": "BO",
			"country_name": "Bolivia",
			"dialling_code": "+591",
			"main_city":[
				{
				"city_code":"---",
				"city_name":"Other"
				}
			]
		},
		{
			"country_code": "BA",
			"country_name": "Bosnia and Herzegovina",
			"dialling_code": "+387",
			"main_city":[
				{
				"city_code":"---",
				"city_name":"Other"
				}
			]
		},
		{
			"country_code": "BW",
			"country_name": "Botswana",
			"dialling_code": "+267",
			"main_city":[
				{
				"city_code":"---",
				"city_name":"Other"
				}
			]
		},
		{
			"country_code": "BR",
			"country_name": "Brazil",
			"dialling_code": "+55",
			"main_city":[
				{
				"city_code":"---",
				"city_name":"Other"
				}
			]
		},
		{
			"country_code": "IO",
			"country_name": "British Indian Ocean Territory",
			"dialling_code": "+246",
			"main_city":[
				{
				"city_code":"---",
				"city_name":"Other"
				}
			]
		},
		{
			"country_code": "VG",
			"country_name": "British Virgin Islands",
			"dialling_code": "+1",
			"main_city":[
				{
				"city_code":"---",
				"city_name":"Other"
				}
			]
		},
		{
			"country_code": "BN",
			"country_name": "Brunei",
			"dialling_code": "+673",
			"main_city":[
				{
				"city_code":"---",
				"city_name":"Other"
				}
			]
		},
		{
			"country_code": "BG",
			"country_name": "Bulgaria",
			"dialling_code": "+359",
			"main_city":[
				{
				"city_code":"---",
				"city_name":"Other"
				}
			]
		},
		{
			"country_code": "BF",
			"country_name": "Burkina Faso",
			"dialling_code": "+226",
			"main_city":[
				{
				"city_code":"---",
				"city_name":"Other"
				}
			]
		},
		{
			"country_code": "MM",
			"country_name": "Burma Myanmar",
			"dialling_code": "+95",
			"main_city":[
				{
				"city_code":"---",
				"city_name":"Other"
				}
			]
		},
		{
			"country_code": "BI",
			"country_name": "Burundi",
			"dialling_code": "+257",
			"main_city":[
				{
				"city_code":"---",
				"city_name":"Other"
				}
			]
		},
		{
			"country_code": "KH",
			"country_name": "Cambodia",
			"dialling_code": "+855",
			"main_city":[
				{
				"city_code":"---",
				"city_name":"Other"
				}
			]
		},
		{
			"country_code": "CM",
			"country_name": "Cameroon",
			"dialling_code": "+237",
			"main_city":[
				{
				"city_code":"---",
				"city_name":"Other"
				}
			]
		},
		{
			"country_code": "CA",
			"country_name": "Canada",
			"dialling_code": "+1",
			"main_city":[
				{
				"city_code":"---",
				"city_name":"Other"
				}
			]
		},
		{
			"country_code": "CV",
			"country_name": "Cape Verde",
			"dialling_code": "+238",
			"main_city":[
				{
				"city_code":"---",
				"city_name":"Other"
				}
			]
		},
		{
			"country_code": "KY",
			"country_name": "Cayman Islands",
			"dialling_code": "+1",
			"main_city":[
				{
				"city_code":"---",
				"city_name":"Other"
				}
			]
		},
		{
			"country_code": "CF",
			"country_name": "Central African Republic",
			"dialling_code": "+236",
			"main_city":[
				{
				"city_code":"---",
				"city_name":"Other"
				}
			]
		},
		{
			"country_code": "ID",
			"country_name": "Chad",
			"dialling_code": "+235",
			"main_city":[
				{
				"city_code":"---",
				"city_name":"Other"
				}
			]
		},
		{
			"country_code": "CL",
			"country_name": "Chile",
			"dialling_code": "+56",
			"main_city":[
				{
				"city_code":"---",
				"city_name":"Other"
				}
			]
		},
		{
			"country_code": "CN",
			"country_name": "China",
			"dialling_code": "+86",
			"main_city":[
				{
				"city_code":"---",
				"city_name":"Other"
				}
			]
		},
		{
			"country_code": "CO",
			"country_name": "Colombia",
			"dialling_code": "+57",
			"main_city":[
				{
				"city_code":"---",
				"city_name":"Other"
				}
			]
		},
		{
			"country_code": "KM",
			"country_name": "Comoros",
			"dialling_code": "+269",
			"main_city":[
				{
				"city_code":"---",
				"city_name":"Other"
				}
			]
		},
		{
			"country_code": "CK",
			"country_name": "Cook Islands",
			"dialling_code": "+682",
			"main_city":[
				{
				"city_code":"---",
				"city_name":"Other"
				}
			]
		},
		{
			"country_code": "CR",
			"country_name": "Costa Rica",
			"dialling_code": "+506",
			"main_city":[
				{
				"city_code":"---",
				"city_name":"Other"
				}
			]
		},
		{
			"country_code": "CI",
			"country_name": "Côte d'Ivoire",
			"dialling_code": "+225",
			"main_city":[
				{
				"city_code":"---",
				"city_name":"Other"
				}
			]
		},
		{
			"country_code": "HR",
			"country_name": "Croatia",
			"dialling_code": "+385",
			"main_city":[
				{
				"city_code":"---",
				"city_name":"Other"
				}
			]
		},
		{
			"country_code": "CU",
			"country_name": "Cuba",
			"dialling_code": "+53",
			"main_city":[
				{
				"city_code":"---",
				"city_name":"Other"
				}
			]
		},
		{
			"country_code": "CY",
			"country_name": "Cyprus",
			"dialling_code": "+357",
			"main_city":[
				{
				"city_code":"---",
				"city_name":"Other"
				}
			]
		},
		{
			"country_code": "CZ",
			"country_name": "Czech Republic",
			"dialling_code": "+420",
			"main_city":[
				{
				"city_code":"---",
				"city_name":"Other"
				}
			]
		},
		{
			"country_code": "CD",
			"country_name": "Democratic Republic of Congo",
			"dialling_code": "+243",
			"main_city":[
				{
				"city_code":"---",
				"city_name":"Other"
				}
			]
		},
		{
			"country_code": "DK",
			"country_name": "Denmark",
			"dialling_code": "+45",
			"main_city":[
				{
				"city_code":"---",
				"city_name":"Other"
				}
			]
		},
		{
			"country_code": "DJ",
			"country_name": "Djibouti",
			"dialling_code": "+253",
			"main_city":[
				{
				"city_code":"---",
				"city_name":"Other"
				}
			]
		},
		{
			"country_code": "DM",
			"country_name": "Dominica",
			"dialling_code": "+1",
			"main_city":[
				{
				"city_code":"---",
				"city_name":"Other"
				}
			]
		},
		{
			"country_code": "DO",
			"country_name": "Dominican Republic",
			"dialling_code": "+1",
			"main_city":[
				{
				"city_code":"---",
				"city_name":"Other"
				}
			]
		},
		{
			"country_code": "EC",
			"country_name": "Ecuador",
			"dialling_code": "+593",
			"main_city":[
				{
				"city_code":"---",
				"city_name":"Other"
				}
			]
		},
		{
			"country_code": "EG",
			"country_name": "Egypt",
			"dialling_code": "+20",
			"main_city":[
				{
				"city_code":"---",
				"city_name":"Other"
				}
			]
		},
		{
			"country_code": "SV",
			"country_name": "El Salvador",
			"dialling_code": "+503",
			"main_city":[
				{
				"city_code":"---",
				"city_name":"Other"
				}
			]
		},
		{
			"country_code": "GQ",
			"country_name": "Equatorial Guinea",
			"dialling_code": "+240",
			"main_city":[
				{
				"city_code":"---",
				"city_name":"Other"
				}
			]
		},
		{
			"country_code": "ER",
			"country_name": "Eritrea",
			"dialling_code": "+291",
			"main_city":[
				{
				"city_code":"---",
				"city_name":"Other"
				}
			]
		},
		{
			"country_code": "EE",
			"country_name": "Estonia",
			"dialling_code": "+372",
			"main_city":[
				{
				"city_code":"---",
				"city_name":"Other"
				}
			]
		},
		{
			"country_code": "ET",
			"country_name": "Ethiopia",
			"dialling_code": "+251",
			"main_city":[
				{
				"city_code":"---",
				"city_name":"Other"
				}
			]
		},
		{
			"country_code": "FK",
			"country_name": "Falkland Islands",
			"dialling_code": "+500",
			"main_city":[
				{
				"city_code":"---",
				"city_name":"Other"
				}
			]
		},
		{
			"country_code": "FO",
			"country_name": "Faroe Islands",
			"dialling_code": "+298",
			"main_city":[
				{
				"city_code":"---",
				"city_name":"Other"
				}
			]
		},
		{
			"country_code": "FM",
			"country_name": "Federated States of Micronesia",
			"dialling_code": "+691",
			"main_city":[
				{
				"city_code":"---",
				"city_name":"Other"
				}
			]
		},
		{
			"country_code": "FJ",
			"country_name": "Fiji",
			"dialling_code": "+679",
			"main_city":[
				{
				"city_code":"---",
				"city_name":"Other"
				}
			]
		},
		{
			"country_code": "FI",
			"country_name": "Finland",
			"dialling_code": "+358",
			"main_city":[
				{
				"city_code":"---",
				"city_name":"Other"
				}
			]
		},
		{
			"country_code": "FR",
			"country_name": "France",
			"dialling_code": "+33",
			"main_city":[
				{
				"city_code":"---",
				"city_name":"Other"
				}
			]
		},
		{
			"country_code": "GF",
			"country_name": "French Guiana",
			"dialling_code": "+594",
			"main_city":[
				{
				"city_code":"---",
				"city_name":"Other"
				}
			]
		},
		{
			"country_code": "PF",
			"country_name": "French Polynesia",
			"dialling_code": "+689",
			"main_city":[
				{
				"city_code":"---",
				"city_name":"Other"
				}
			]
		},
		{
			"country_code": "GA",
			"country_name": "Gabon",
			"dialling_code": "+241",
			"main_city":[
				{
				"city_code":"---",
				"city_name":"Other"
				}
			]
		},
		{
			"country_code": "GE",
			"country_name": "Georgia",
			"dialling_code": "+995",
			"main_city":[
				{
				"city_code":"---",
				"city_name":"Other"
				}
			]
		},
		{
			"country_code": "DE",
			"country_name": "Germany",
			"dialling_code": "+49",
			"main_city":[
				{
				"city_code":"---",
				"city_name":"Other"
				}
			]
		},
		{
			"country_code": "GH",
			"country_name": "Ghana",
			"dialling_code": "+233",
			"main_city":[
				{
				"city_code":"---",
				"city_name":"Other"
				}
			]
		},
		{
			"country_code": "GI",
			"country_name": "Gibraltar",
			"dialling_code": "+350",
			"main_city":[
				{
				"city_code":"---",
				"city_name":"Other"
				}
			]
		},
		{
			"country_code": "GR",
			"country_name": "Greece",
			"dialling_code": "+30",
			"main_city":[
				{
				"city_code":"---",
				"city_name":"Other"
				}
			]
		},
		{
			"country_code": "GL",
			"country_name": "Greenland",
			"dialling_code": "+299",
			"main_city":[
				{
				"city_code":"---",
				"city_name":"Other"
				}
			]
		},
		{
			"country_code": "GD",
			"country_name": "Grenada",
			"dialling_code": "+1",
			"main_city":[
				{
				"city_code":"---",
				"city_name":"Other"
				}
			]
		},
		{
			"country_code": "GP",
			"country_name": "Guadeloupe",
			"dialling_code": "+590",
			"main_city":[
				{
				"city_code":"---",
				"city_name":"Other"
				}
			]
		},
		{
			"country_code": "GU",
			"country_name": "Guam",
			"dialling_code": "+1",
			"main_city":[
				{
				"city_code":"---",
				"city_name":"Other"
				}
			]
		},
		{
			"country_code": "GT",
			"country_name": "Guatemala",
			"dialling_code": "+502",
			"main_city":[
				{
				"city_code":"---",
				"city_name":"Other"
				}
			]
		},
		{
			"country_code": "GN",
			"country_name": "Guinea",
			"dialling_code": "+224",
			"main_city":[
				{
				"city_code":"---",
				"city_name":"Other"
				}
			]
		},
		{
			"country_code": "GW",
			"country_name": "Guinea-Bissau",
			"dialling_code": "+245",
			"main_city":[
				{
				"city_code":"---",
				"city_name":"Other"
				}
			]
		},
		{
			"country_code": "GY",
			"country_name": "Guyana",
			"dialling_code": "+592",
			"main_city":[
				{
				"city_code":"---",
				"city_name":"Other"
				}
			]
		},
		{
			"country_code": "HT",
			"country_name": "Haiti",
			"dialling_code": "+509",
			"main_city":[
				{
				"city_code":"---",
				"city_name":"Other"
				}
			]
		},
		{
			"country_code": "HN",
			"country_name": "Honduras",
			"dialling_code": "+504",
			"main_city":[
				{
				"city_code":"---",
				"city_name":"Other"
				}
			]
		},
		{
			"country_code": "HK",
			"country_name": "Hong Kong",
			"dialling_code": "+852",
			"main_city":[
				{
				"city_code":"---",
				"city_name":"Other"
				}
			]
		},
		{
			"country_code": "HU",
			"country_name": "Hungary",
			"dialling_code": "+36",
			"main_city":[
				{
				"city_code":"---",
				"city_name":"Other"
				}
			]
		},
		{
			"country_code": "IS",
			"country_name": "Iceland",
			"dialling_code": "+354",
			"main_city":[
				{
				"city_code":"---",
				"city_name":"Other"
				}
			]
		},
		{
			"country_code": "IN",
			"country_name": "India",
			"dialling_code": "+91",
			"main_city":[
				{
				"city_code":"---",
				"city_name":"Other"
				}
			]
		},
		{
			"country_code": "ID",
			"country_name": "Indonesia",
			"dialling_code": "+62",
			"main_city":[
				{
				"city_code":"---",
				"city_name":"Other"
				}
			]
		},
		{
			"country_code": "IR",
			"country_name": "Iran",
			"dialling_code": "+98",
			"main_city":[
				{
				"city_code":"---",
				"city_name":"Other"
				}
			]
		},
		{
			"country_code": "IQ",
			"country_name": "Iraq",
			"dialling_code": "+964",
			"main_city":[
				{
				"city_code":"---",
				"city_name":"Other"
				}
			]
		},
		{
			"country_code": "IE",
			"country_name": "Ireland",
			"dialling_code": "+353",
			"main_city":[
				{
				"city_code":"---",
				"city_name":"Other"
				}
			]
		},
		{
			"country_code": "IT",
			"country_name": "Italy",
			"dialling_code": "+39",
			"main_city":[
				{
				"city_code":"---",
				"city_name":"Other"
				}
			]
		},
		{
			"country_code": "JM",
			"country_name": "Jamaica",
			"dialling_code": "+1",
			"main_city":[
				{
				"city_code":"---",
				"city_name":"Other"
				}
			]
		},
		{
			"country_code": "JP",
			"country_name": "Japan",
			"dialling_code": "+81",
			"main_city":[
				{
				"city_code":"---",
				"city_name":"Other"
				}
			]
		},
		{
			"country_code": "JO",
			"country_name": "Jordan",
			"dialling_code": "+962",
			"main_city":[
				{
				"city_code":"JO-AM",
				"city_name":"Amman"
				},
				{
				"city_code":"JO-AJ",
				"city_name":"Ajloun"
				},
				{
				"city_code":"JO-IR",
				"city_name":"Irbid"
				},
				{
				"city_code":"JO-SA",
				"city_name":"As-Salt"
				}
			]
		},
		{
			"country_code": "KZ",
			"country_name": "Kazakhstan",
			"dialling_code": "+7",
			"main_city":[
				{
				"city_code":"---",
				"city_name":"Other"
				}
			]
		},
		{
			"country_code": "KE",
			"country_name": "Kenya",
			"dialling_code": "+254",
			"main_city":[
				{
				"city_code":"---",
				"city_name":"Other"
				}
			]
		},
		{
			"country_code": "KI",
			"country_name": "Kiribati",
			"dialling_code": "+686",
			"main_city":[
				{
				"city_code":"---",
				"city_name":"Other"
				}
			]
		},
		{
			"country_code": "XK",
			"country_name": "Kosovo",
			"dialling_code": "+381",
			"main_city":[
				{
				"city_code":"---",
				"city_name":"Other"
				}
			]
		},
		{
			"country_code": "KW",
			"country_name": "Kuwait",
			"dialling_code": "+965",
			"main_city":[
				{
				"city_code":"---",
				"city_name":"Other"
				}
			]
		},
		{
			"country_code": "KG",
			"country_name": "Kyrgyzstan",
			"dialling_code": "+996",
			"main_city":[
				{
				"city_code":"---",
				"city_name":"Other"
				}
			]
		},
		{
			"country_code": "LA",
			"country_name": "Laos",
			"dialling_code": "+856",
			"main_city":[
				{
				"city_code":"---",
				"city_name":"Other"
				}
			]
		},
		{
			"country_code": "LV",
			"country_name": "Latvia",
			"dialling_code": "+371",
			"main_city":[
				{
				"city_code":"---",
				"city_name":"Other"
				}
			]
		},
		{
			"country_code": "LB",
			"country_name": "Lebanon",
			"dialling_code": "+961",
			"main_city":[
				{
				"city_code":"---",
				"city_name":"Other"
				}
			]
		},
		{
			"country_code": "LS",
			"country_name": "Lesotho",
			"dialling_code": "+266",
			"main_city":[
				{
				"city_code":"---",
				"city_name":"Other"
				}
			]
		},
		{
			"country_code": "LR",
			"country_name": "Liberia",
			"dialling_code": "+231",
			"main_city":[
				{
				"city_code":"---",
				"city_name":"Other"
				}
			]
		},
		{
			"country_code": "LY",
			"country_name": "Libya",
			"dialling_code": "+218",
			"main_city":[
				{
				"city_code":"---",
				"city_name":"Other"
				}
			]
		},
		{
			"country_code": "LI",
			"country_name": "Liechtenstein",
			"dialling_code": "+423",
			"main_city":[
				{
				"city_code":"---",
				"city_name":"Other"
				}
			]
		},
		{
			"country_code": "LT",
			"country_name": "Lithuania",
			"dialling_code": "+370",
			"main_city":[
				{
				"city_code":"---",
				"city_name":"Other"
				}
			]
		},
		{
			"country_code": "LU",
			"country_name": "Luxembourg",
			"dialling_code": "+352",
			"main_city":[
				{
				"city_code":"---",
				"city_name":"Other"
				}
			]
		},
		{
			"country_code": "MO",
			"country_name": "Macau",
			"dialling_code": "+853",
			"main_city":[
				{
				"city_code":"---",
				"city_name":"Other"
				}
			]
		},
		{
			"country_code": "MK",
			"country_name": "Macedonia",
			"dialling_code": "+389",
			"main_city":[
				{
				"city_code":"---",
				"city_name":"Other"
				}
			]
		},
		{
			"country_code": "MG",
			"country_name": "Madagascar",
			"dialling_code": "+261",
			"main_city":[
				{
				"city_code":"---",
				"city_name":"Other"
				}
			]
		},
		{
			"country_code": "MW",
			"country_name": "Malawi",
			"dialling_code": "+265",
			"main_city":[
				{
				"city_code":"---",
				"city_name":"Other"
				}
			]
		},
		{
			"country_code": "MY",
			"country_name": "Malaysia",
			"dialling_code": "+60",
			"main_city":[
				{
				"city_code":"---",
				"city_name":"Other"
				}
			]
		},
		{
			"country_code": "MV",
			"country_name": "Maldives",
			"dialling_code": "+960",
			"main_city":[
				{
				"city_code":"---",
				"city_name":"Other"
				}
			]
		},
		{
			"country_code": "ML",
			"country_name": "Mali",
			"dialling_code": "+223",
			"main_city":[
				{
				"city_code":"---",
				"city_name":"Other"
				}
			]
		},
		{
			"country_code": "MT",
			"country_name": "Malta",
			"dialling_code": "+356",
			"main_city":[
				{
				"city_code":"---",
				"city_name":"Other"
				}
			]
		},
		{
			"country_code": "MH",
			"country_name": "Marshall Islands",
			"dialling_code": "+692",
			"main_city":[
				{
				"city_code":"---",
				"city_name":"Other"
				}
			]
		},
		{
			"country_code": "MQ",
			"country_name": "Martinique",
			"dialling_code": "+596",
			"main_city":[
				{
				"city_code":"---",
				"city_name":"Other"
				}
			]
		},
		{
			"country_code": "MR",
			"country_name": "Mauritania",
			"dialling_code": "+222",
			"main_city":[
				{
				"city_code":"---",
				"city_name":"Other"
				}
			]
		},
		{
			"country_code": "MU",
			"country_name": "Mauritius",
			"dialling_code": "+230",
			"main_city":[
				{
				"city_code":"---",
				"city_name":"Other"
				}
			]
		},
		{
			"country_code": "YT",
			"country_name": "Mayotte",
			"dialling_code": "+262",
			"main_city":[
				{
				"city_code":"---",
				"city_name":"Other"
				}
			]
		},
		{
			"country_code": "MX",
			"country_name": "Mexico",
			"dialling_code": "+52",
			"main_city":[
				{
				"city_code":"---",
				"city_name":"Other"
				}
			]
		},
		{
			"country_code": "MD",
			"country_name": "Moldova",
			"dialling_code": "+373",
			"main_city":[
				{
				"city_code":"---",
				"city_name":"Other"
				}
			]
		},
		{
			"country_code": "MC",
			"country_name": "Monaco",
			"dialling_code": "+377",
			"main_city":[
				{
				"city_code":"---",
				"city_name":"Other"
				}
			]
		},
		{
			"country_code": "MN",
			"country_name": "Mongolia",
			"dialling_code": "+976",
			"main_city":[
				{
				"city_code":"---",
				"city_name":"Other"
				}
			]
		},
		{
			"country_code": "ME",
			"country_name": "Montenegro",
			"dialling_code": "+382",
			"main_city":[
				{
				"city_code":"---",
				"city_name":"Other"
				}
			]
		},
		{
			"country_code": "MS",
			"country_name": "Montserrat",
			"dialling_code": "+1",
			"main_city":[
				{
				"city_code":"---",
				"city_name":"Other"
				}
			]
		},
		{
			"country_code": "MA",
			"country_name": "Morocco",
			"dialling_code": "+212",
			"main_city":[
				{
				"city_code":"---",
				"city_name":"Other"
				}
			]
		},
		{
			"country_code": "MZ",
			"country_name": "Mozambique",
			"dialling_code": "+258",
			"main_city":[
				{
				"city_code":"---",
				"city_name":"Other"
				}
			]
		},
		{
			"country_code": "NA",
			"country_name": "Namibia",
			"dialling_code": "+264",
			"main_city":[
				{
				"city_code":"---",
				"city_name":"Other"
				}
			]
		},
		{
			"country_code": "NR",
			"country_name": "Nauru",
			"dialling_code": "+674",
			"main_city":[
				{
				"city_code":"---",
				"city_name":"Other"
				}
			]
		},
		{
			"country_code": "NP",
			"country_name": "Nepal",
			"dialling_code": "+977",
			"main_city":[
				{
				"city_code":"---",
				"city_name":"Other"
				}
			]
		},
		{
			"country_code": "NL",
			"country_name": "Netherlands",
			"dialling_code": "+31",
			"main_city":[
				{
				"city_code":"---",
				"city_name":"Other"
				}
			]
		},
		{
			"country_code": "AN",
			"country_name": "Netherlands Antilles",
			"dialling_code": "+599",
			"main_city":[
				{
				"city_code":"---",
				"city_name":"Other"
				}
			]
		},
		{
			"country_code": "NC",
			"country_name": "New Caledonia",
			"dialling_code": "+687",
			"main_city":[
				{
				"city_code":"---",
				"city_name":"Other"
				}
			]
		},
		{
			"country_code": "NZ",
			"country_name": "New Zealand",
			"dialling_code": "+64",
			"main_city":[
				{
				"city_code":"---",
				"city_name":"Other"
				}
			]
		},
		{
			"country_code": "NI",
			"country_name": "Nicaragua",
			"dialling_code": "+505",
			"main_city":[
				{
				"city_code":"---",
				"city_name":"Other"
				}
			]
		},
		{
			"country_code": "NE",
			"country_name": "Niger",
			"dialling_code": "+227",
			"main_city":[
				{
				"city_code":"---",
				"city_name":"Other"
				}
			]
		},
		{
			"country_code": "NG",
			"country_name": "Nigeria",
			"dialling_code": "+234",
			"main_city":[
				{
				"city_code":"---",
				"city_name":"Other"
				}
			]
		},
		{
			"country_code": "NU",
			"country_name": "Niue",
			"dialling_code": "+683",
			"main_city":[
				{
				"city_code":"---",
				"city_name":"Other"
				}
			]
		},
		{
			"country_code": "NF",
			"country_name": "Norfolk Island",
			"dialling_code": "+672",
			"main_city":[
				{
				"city_code":"---",
				"city_name":"Other"
				}
			]
		},
		{
			"country_code": "KP",
			"country_name": "North Korea",
			"dialling_code": "+850",
			"main_city":[
				{
				"city_code":"---",
				"city_name":"Other"
				}
			]
		},
		{
			"country_code": "MP",
			"country_name": "Northern Mariana Islands",
			"dialling_code": "+1",
			"main_city":[
				{
				"city_code":"---",
				"city_name":"Other"
				}
			]
		},
		{
			"country_code": "NO",
			"country_name": "Norway",
			"dialling_code": "+47",
			"main_city":[
				{
				"city_code":"---",
				"city_name":"Other"
				}
			]
		},
		{
			"country_code": "OM",
			"country_name": "Oman",
			"dialling_code": "+968",
			"main_city":[
				{
				"city_code":"---",
				"city_name":"Other"
				}
			]
		},
		{
			"country_code": "PK",
			"country_name": "Pakistan",
			"dialling_code": "+92",
			"main_city":[
				{
				"city_code":"---",
				"city_name":"Other"
				}
			]
		},
		{
			"country_code": "PW",
			"country_name": "Palau",
			"dialling_code": "+680",
			"main_city":[
				{
				"city_code":"---",
				"city_name":"Other"
				}
			]
		},
		{
			"country_code": "PS",
			"country_name": "Palestine",
			"dialling_code": "+970",
			"main_city":[
				{
				"city_code":"PS-RA",
				"city_name":"Ramallah"
				},
				{
				"city_code":"PS-BE",
				"city_name":"Bethlehem"
				},
				{
				"city_code":"PS-GA",
				"city_name":"Gaza"
				},
				{
				"city_code":"PS-NA",
				"city_name":"Nablus"
				}
			]
		},
		{
			"country_code": "PA",
			"country_name": "Panama",
			"dialling_code": "+507",
			"main_city":[
				{
				"city_code":"---",
				"city_name":"Other"
				}
			]
		},
		{
			"country_code": "PG",
			"country_name": "Papua New Guinea",
			"dialling_code": "+675",
			"main_city":[
				{
				"city_code":"---",
				"city_name":"Other"
				}
			]
		},
		{
			"country_code": "PY",
			"country_name": "Paraguay",
			"dialling_code": "+595",
			"main_city":[
				{
				"city_code":"---",
				"city_name":"Other"
				}
			]
		},
		{
			"country_code": "PE",
			"country_name": "Peru",
			"dialling_code": "+51",
			"main_city":[
				{
				"city_code":"---",
				"city_name":"Other"
				}
			]
		},
		{
			"country_code": "PH",
			"country_name": "Philippines",
			"dialling_code": "+63",
			"main_city":[
				{
				"city_code":"---",
				"city_name":"Other"
				}
			]
		},
		{
			"country_code": "PL",
			"country_name": "Poland",
			"dialling_code": "+48",
			"main_city":[
				{
				"city_code":"---",
				"city_name":"Other"
				}
			]
		},
		{
			"country_code": "PT",
			"country_name": "Portugal",
			"dialling_code": "+351",
			"main_city":[
				{
				"city_code":"---",
				"city_name":"Other"
				}
			]
		},
		{
			"country_code": "PR",
			"country_name": "Puerto Rico",
			"dialling_code": "+1",
			"main_city":[
				{
				"city_code":"---",
				"city_name":"Other"
				}
			]
		},
		{
			"country_code": "QA",
			"country_name": "Qatar",
			"dialling_code": "+974",
			"main_city":[
				{
				"city_code":"---",
				"city_name":"Other"
				}
			]
		},
		{
			"country_code": "CG",
			"country_name": "Republic of the Congo",
			"dialling_code": "+242",
			"main_city":[
				{
				"city_code":"---",
				"city_name":"Other"
				}
			]
		},
		{
			"country_code": "RE",
			"country_name": "Réunion",
			"dialling_code": "+262",
			"main_city":[
				{
				"city_code":"---",
				"city_name":"Other"
				}
			]
		},
		{
			"country_code": "RO",
			"country_name": "Romania",
			"dialling_code": "+40",
			"main_city":[
				{
				"city_code":"---",
				"city_name":"Other"
				}
			]
		},
		{
			"country_code": "RU",
			"country_name": "Russia",
			"dialling_code": "+7",
			"main_city":[
				{
				"city_code":"---",
				"city_name":"Other"
				}
			]
		},
		{
			"country_code": "RW",
			"country_name": "Rwanda",
			"dialling_code": "+250",
			"main_city":[
				{
				"city_code":"---",
				"city_name":"Other"
				}
			]
		},
		{
			"country_code": "BL",
			"country_name": "Saint Barthélemy",
			"dialling_code": "+590",
			"main_city":[
				{
				"city_code":"---",
				"city_name":"Other"
				}
			]
		},
		{
			"country_code": "SH",
			"country_name": "Saint Helena",
			"dialling_code": "+290",
			"main_city":[
				{
				"city_code":"---",
				"city_name":"Other"
				}
			]
		},
		{
			"country_code": "KN",
			"country_name": "Saint Kitts and Nevis",
			"dialling_code": "+1",
			"main_city":[
				{
				"city_code":"---",
				"city_name":"Other"
				}
			]
		},
		{
			"country_code": "MF",
			"country_name": "Saint Martin",
			"dialling_code": "+590",
			"main_city":[
				{
				"city_code":"---",
				"city_name":"Other"
				}
			]
		},
		{
			"country_code": "PM",
			"country_name": "Saint Pierre and Miquelon",
			"dialling_code": "+508",
			"main_city":[
				{
				"city_code":"---",
				"city_name":"Other"
				}
			]
		},
		{
			"country_code": "VC",
			"country_name": "Saint Vincent and the Grenadines",
			"dialling_code": "+1",
			"main_city":[
				{
				"city_code":"---",
				"city_name":"Other"
				}
			]
		},
		{
			"country_code": "WS",
			"country_name": "Samoa",
			"dialling_code": "+685",
			"main_city":[
				{
				"city_code":"---",
				"city_name":"Other"
				}
			]
		},
		{
			"country_code": "SM",
			"country_name": "San Marino",
			"dialling_code": "+378",
			"main_city":[
				{
				"city_code":"---",
				"city_name":"Other"
				}
			]
		},
		{
			"country_code": "ST",
			"country_name": "São Tomé and Príncipe",
			"dialling_code": "+239",
			"main_city":[
				{
				"city_code":"---",
				"city_name":"Other"
				}
			]
		},
		{
			"country_code": "SA",
			"country_name": "Saudi Arabia",
			"dialling_code": "+966",
			"main_city":[
				{
				"city_code":"---",
				"city_name":"Other"
				}
			]
		},
		{
			"country_code": "SN",
			"country_name": "Senegal",
			"dialling_code": "+221",
			"main_city":[
				{
				"city_code":"---",
				"city_name":"Other"
				}
			]
		},
		{
			"country_code": "RS",
			"country_name": "Serbia",
			"dialling_code": "+381",
			"main_city":[
				{
				"city_code":"---",
				"city_name":"Other"
				}
			]
		},
		{
			"country_code": "SC",
			"country_name": "Seychelles",
			"dialling_code": "+248",
			"main_city":[
				{
				"city_code":"---",
				"city_name":"Other"
				}
			]
		},
		{
			"country_code": "SL",
			"country_name": "Sierra Leone",
			"dialling_code": "+232",
			"main_city":[
				{
				"city_code":"---",
				"city_name":"Other"
				}
			]
		},
		{
			"country_code": "SG",
			"country_name": "Singapore",
			"dialling_code": "+65",
			"main_city":[
				{
				"city_code":"---",
				"city_name":"Other"
				}
			]
		},
		{
			"country_code": "SK",
			"country_name": "Slovakia",
			"dialling_code": "+421",
			"main_city":[
				{
				"city_code":"---",
				"city_name":"Other"
				}
			]
		},
		{
			"country_code": "SI",
			"country_name": "Slovenia",
			"dialling_code": "+386",
			"main_city":[
				{
				"city_code":"---",
				"city_name":"Other"
				}
			]
		},
		{
			"country_code": "SB",
			"country_name": "Solomon Islands",
			"dialling_code": "+677",
			"main_city":[
				{
				"city_code":"---",
				"city_name":"Other"
				}
			]
		},
		{
			"country_code": "SO",
			"country_name": "Somalia",
			"dialling_code": "+252",
			"main_city":[
				{
				"city_code":"---",
				"city_name":"Other"
				}
			]
		},
		{
			"country_code": "ZA",
			"country_name": "South Africa",
			"dialling_code": "+27",
			"main_city":[
				{
				"city_code":"---",
				"city_name":"Other"
				}
			]
		},
		{
			"country_code": "KR",
			"country_name": "South Korea",
			"dialling_code": "+82",
			"main_city":[
				{
				"city_code":"---",
				"city_name":"Other"
				}
			]
		},
		{
			"country_code": "ES",
			"country_name": "Spain",
			"dialling_code": "+34",
			"main_city":[
				{
				"city_code":"---",
				"city_name":"Other"
				}
			]
		},
		{
			"country_code": "LK",
			"country_name": "Sri Lanka",
			"dialling_code": "+94",
			"main_city":[
				{
				"city_code":"---",
				"city_name":"Other"
				}
			]
		},
		{
			"country_code": "LC",
			"country_name": "St. Lucia",
			"dialling_code": "+1",
			"main_city":[
				{
				"city_code":"---",
				"city_name":"Other"
				}
			]
		},
		{
			"country_code": "SD",
			"country_name": "Sudan",
			"dialling_code": "+249",
			"main_city":[
				{
				"city_code":"---",
				"city_name":"Other"
				}
			]
		},
		{
			"country_code": "SR",
			"country_name": "Suriname",
			"dialling_code": "+597",
			"main_city":[
				{
				"city_code":"---",
				"city_name":"Other"
				}
			]
		},
		{
			"country_code": "SZ",
			"country_name": "Swaziland",
			"dialling_code": "+268",
			"main_city":[
				{
				"city_code":"---",
				"city_name":"Other"
				}
			]
		},
		{
			"country_code": "SE",
			"country_name": "Sweden",
			"dialling_code": "+46",
			"main_city":[
				{
				"city_code":"---",
				"city_name":"Other"
				}
			]
		},
		{
			"country_code": "CH",
			"country_name": "Switzerland",
			"dialling_code": "+41",
			"main_city":[
				{
				"city_code":"---",
				"city_name":"Other"
				}
			]
		},
		{
			"country_code": "SY",
			"country_name": "Syria",
			"dialling_code": "+963",
			"main_city":[
				{
				"city_code":"---",
				"city_name":"Other"
				}
			]
		},
		{
			"country_code": "TW",
			"country_name": "Taiwan",
			"dialling_code": "+886",
			"main_city":[
				{
				"city_code":"---",
				"city_name":"Other"
				}
			]
		},
		{
			"country_code": "TJ",
			"country_name": "Tajikistan",
			"dialling_code": "+992",
			"main_city":[
				{
				"city_code":"---",
				"city_name":"Other"
				}
			]
		},
		{
			"country_code": "TZ",
			"country_name": "Tanzania",
			"dialling_code": "+255",
			"main_city":[
				{
				"city_code":"---",
				"city_name":"Other"
				}
			]
		},
		{
			"country_code": "TH",
			"country_name": "Thailand",
			"dialling_code": "+66",
			"main_city":[
				{
				"city_code":"---",
				"city_name":"Other"
				}
			]
		},
		{
			"country_code": "BS",
			"country_name": "The Bahamas",
			"dialling_code": "+1",
			"main_city":[
				{
				"city_code":"---",
				"city_name":"Other"
				}
			]
		},
		{
			"country_code": "GM",
			"country_name": "The Gambia",
			"dialling_code": "+220",
			"main_city":[
				{
				"city_code":"---",
				"city_name":"Other"
				}
			]
		},
		{
			"country_code": "TL",
			"country_name": "Timor-Leste",
			"dialling_code": "+670",
			"main_city":[
				{
				"city_code":"---",
				"city_name":"Other"
				}
			]
		},
		{
			"country_code": "TG",
			"country_name": "Togo",
			"dialling_code": "+228",
			"main_city":[
				{
				"city_code":"---",
				"city_name":"Other"
				}
			]
		},
		{
			"country_code": "TK",
			"country_name": "Tokelau",
			"dialling_code": "+690",
			"main_city":[
				{
				"city_code":"---",
				"city_name":"Other"
				}
			]
		},
		{
			"country_code": "TO",
			"country_name": "Tonga",
			"dialling_code": "+676",
			"main_city":[
				{
				"city_code":"---",
				"city_name":"Other"
				}
			]
		},
		{
			"country_code": "TT",
			"country_name": "Trinidad and Tobago",
			"dialling_code": "+1",
			"main_city":[
				{
				"city_code":"---",
				"city_name":"Other"
				}
			]
		},
		{
			"country_code": "TN",
			"country_name": "Tunisia",
			"dialling_code": "+216",
			"main_city":[
				{
				"city_code":"---",
				"city_name":"Other"
				}
			]
		},
		{
			"country_code": "TR",
			"country_name": "Turkey",
			"dialling_code": "+90",
			"main_city":[
				{
				"city_code":"---",
				"city_name":"Other"
				}
			]
		},
		{
			"country_code": "TM",
			"country_name": "Turkmenistan",
			"dialling_code": "+993",
			"main_city":[
				{
				"city_code":"---",
				"city_name":"Other"
				}
			]
		},
		{
			"country_code": "TC",
			"country_name": "Turks and Caicos Islands",
			"dialling_code": "+1",
			"main_city":[
				{
				"city_code":"---",
				"city_name":"Other"
				}
			]
		},
		{
			"country_code": "TV",
			"country_name": "Tuvalu",
			"dialling_code": "+688",
			"main_city":[
				{
				"city_code":"---",
				"city_name":"Other"
				}
			]
		},
		{
			"country_code": "UG",
			"country_name": "Uganda",
			"dialling_code": "+256",
			"main_city":[
				{
				"city_code":"---",
				"city_name":"Other"
				}
			]
		},
		{
			"country_code": "UA",
			"country_name": "Ukraine",
			"dialling_code": "+380",
			"main_city":[
				{
				"city_code":"---",
				"city_name":"Other"
				}
			]
		},
		{
			"country_code": "AE",
			"country_name": "United Arab Emirates",
			"dialling_code": "+971",
			"main_city":[
				{
				"city_code":"---",
				"city_name":"Other"
				}
			]
		},
		{
			"country_code": "GB",
			"country_name": "United Kingdom",
			"dialling_code": "+44",
			"main_city":[
				{
				"city_code":"---",
				"city_name":"Other"
				}
			]
		},
		{
			"country_code": "US",
			"country_name": "United States",
			"dialling_code": "+1",
			"main_city":[
				{
				"city_code":"---",
				"city_name":"Other"
				}
			]
		},
		{
			"country_code": "UY",
			"country_name": "Uruguay",
			"dialling_code": "+598",
			"main_city":[
				{
				"city_code":"---",
				"city_name":"Other"
				}
			]
		},
		{
			"country_code": "VI",
			"country_name": "US Virgin Islands",
			"dialling_code": "+1",
			"main_city":[
				{
				"city_code":"---",
				"city_name":"Other"
				}
			]
		},
		{
			"country_code": "UZ",
			"country_name": "Uzbekistan",
			"dialling_code": "+998",
			"main_city":[
				{
				"city_code":"---",
				"city_name":"Other"
				}
			]
		},
		{
			"country_code": "VU",
			"country_name": "Vanuatu",
			"dialling_code": "+678",
			"main_city":[
				{
				"city_code":"---",
				"city_name":"Other"
				}
			]
		},
		{
			"country_code": "VA",
			"country_name": "Vatican City",
			"dialling_code": "+39",
			"main_city":[
				{
				"city_code":"---",
				"city_name":"Other"
				}
			]
		},
		{
			"country_code": "VE",
			"country_name": "Venezuela",
			"dialling_code": "+58",
			"main_city":[
				{
				"city_code":"---",
				"city_name":"Other"
				}
			]
		},
		{
			"country_code": "VN",
			"country_name": "Vietnam",
			"dialling_code": "+84",
			"main_city":[
				{
				"city_code":"---",
				"city_name":"Other"
				}
			]
		},
		{
			"country_code": "WF",
			"country_name": "Wallis and Futuna",
			"dialling_code": "+681",
			"main_city":[
				{
				"city_code":"---",
				"city_name":"Other"
				}
			]
		},
		{
			"country_code": "YE",
			"country_name": "Yemen",
			"dialling_code": "+967",
			"main_city":[
				{
				"city_code":"---",
				"city_name":"Other"
				}
			]
		},
		{
			"country_code": "ZM",
			"country_name": "Zambia",
			"dialling_code": "+260",
			"main_city":[
				{
				"city_code":"---",
				"city_name":"Other"
				}
			]
		},
		{
			"country_code": "ZW",
			"country_name": "Zimbabwe",
			"dialling_code": "+263",
			"main_city":[
				{
				"city_code":"---",
				"city_name":"Other"
				}
			]
		}
	]
}